index,reason,prediction,label
0,"The text criticizes Trump for not acknowledging a slain Capitol Hill policeman and not ordering the White House flag to be flown at half-mast, implying a failure in social responsibility (I12: Social Responsibility) and a lack of result justice (I11: Result Justice) in honoring the officer. Other dimensions (I1-I10) are unrelated as the text focuses on ethical and procedural accountability rather than political regime, economic policies, cultural values, or other listed dimensions.","[0, 0, 0, 0, 0, 0, 0, 0, 0, 0, 1, 1]","[0, 0, 0, 0, 0, 0, 0, 0, 0, 2, 0, 0]"
1,"The text discusses Bangladesh's stance on the UN resolution regarding the Russia-Ukraine conflict, emphasizing a desire for peace and criticizing the resolution as being focused on blaming Russia rather than ending the war. This relates to **I8 (Diplomatic Strategy)** as it reflects a neutral or balanced approach to international engagement (neither purely globalist nor isolationist, hence labeled as Center). It also relates to **I9 (Military Force)** by advocating for peace over militarism (aligning with Pacifism, labeled as Right). Other dimensions (I1-I7, I10-I12) are unrelated to the text's content.","[0, 0, 0, 0, 0, 0, 0, 2, 3, 0, 0, 0]","[0, 0, 0, 0, 0, 0, 0, 0, 3, 0, 0, 0]"
2,"The text criticizes progressives for pushing an 'insidious identity politics ideology' leading to a border crisis, particularly opposing the notion that 'no one is illegal.' This relates to:
- **I5 (Ethical Pursuit)**: The critique of progressive stances on immigration aligns with Ethical Conservatism (Right), as it opposes liberal views on immigration and identity politics.
- **I7 (Cultural Value)**: Opposition to identity politics suggests a preference for Individualism (Right) over Collectivism.
- **I8 (Diplomatic Strategy)**: Blaming open-border policies for a crisis reflects Isolationism (Right), rejecting globalist approaches.
- **I10 (Social Development)**: The text implies disapproval of rapid progressive-driven changes, favoring Reformism (Right) over revolutionary shifts.
- **I12 (Personal Right)**: Emphasizing border control over 'no one is illegal' prioritizes Social Responsibility (Left), as it stresses societal obligations over individual rights.
Other dimensions (I1, I2, I3, I4, I6, I9, I11) are unrelated references.","[0, 0, 0, 0, 3, 0, 3, 3, 0, 3, 0, 1]","[0, 0, 0, 0, 0, 0, 0, 0, 0, 3, 0, 0]"
3,"The text discusses Russia's role as a major exporter of resources and the financial inflow to Putin, focusing on economic aspects of trade and revenue. It does not explicitly address ideological stances related to political regime, state structure, ethical values, or other dimensions. The content is factual and descriptive, lacking direct references to the ideological positions defined in the detection dimensions.","[0, 0, 0, 0, 0, 0, 0, 0, 0, 0, 0, 0]","[0, 0, 0, 0, 0, 0, 0, 0, 0, 0, 0, 0]"
4,"The text discusses the user's personal decision to stop having sex, criticizing men's intentions as solely focused on sexual desires rather than genuine affection. This relates to **I5 (Ethical Pursuit)**. The stance aligns with *Ethical Conservatism* (Right), as it implies a critique of sexual liberation and reflects adherence to traditional moral norms (supported by the mention of 'My mama was right'). Other dimensions (I1-I4, I6-I12) are unrelated to the text's focus on personal ethical choices and gender dynamics.","[0, 0, 0, 0, 3, 0, 0, 0, 0, 0, 0, 0]","[0, 0, 0, 0, 0, 0, 0, 0, 0, 0, 1, 0]"
5,"The text sarcastically criticizes bipartisanship, implying skepticism towards the effectiveness of political cooperation (Republicans and Democrats working together). This relates to I10 (Social Development) as the critique suggests a preference for more direct or revolutionary action over gradual reformist approaches through bipartisan efforts. Other dimensions are unrelated as the text does not address economic systems, state structure, ethical issues, etc.","[0, 0, 0, 0, 0, 0, 0, 0, 0, 1, 0, 0]","[0, 1, 0, 0, 0, 0, 0, 0, 0, 0, 0, 0]"
6,"The text emphasizes women's equality and human rights, advocating for social, cultural, and political change. This relates to I4 (Economic Equality) as it supports outcome equality for women. It aligns with I5 (Ethical Liberalism) by promoting gender equality and social progress. The focus on collective advocacy for systemic change connects to I7 (Collectivism). The call for direct action for social goals reflects I10 (Revolutionism). The emphasis on fair treatment (result justice) relates to I11 (Result Justice). Prioritizing social responsibility over individual rights ties to I12 (Social Responsibility). Other dimensions (I1, I2, I3, I6, I8, I9) are unrelated as the text does not address political regimes, state structures, economic systems, church-state relations, diplomacy, or military strategies.","[0, 0, 0, 1, 1, 0, 1, 0, 0, 1, 1, 1]","[0, 0, 0, 1, 0, 0, 0, 0, 0, 1, 1, 3]"
7,"The text emphasizes a pro-life culture linked to traditional family values, which relates to Ethical Pursuit (I5). The stance supports restricting individual behavior (e.g., abortion) based on moral norms, aligning with Ethical Conservatism (Right). Other dimensions (political regime, economy, etc.) are unrelated as the focus is on cultural and ethical norms.","[0, 0, 0, 0, 3, 0, 0, 0, 0, 0, 0, 0]","[0, 0, 0, 0, 3, 0, 0, 0, 0, 0, 0, 0]"
8,"The text discusses Russia's use of state TV to spread disinformation about Ukraine, highlighting central control over media (I2: Centralism - Left) and promoting a collective narrative (I7: Collectivism - Left). The disinformation campaign serves a diplomatic strategy aimed at influencing international perceptions (I8: Globalism - Left). The accusation of bio-weapons may justify militaristic actions (I9: Militarism - Left). Other dimensions (I1, I3-I6, I10-I12) are unrelated as the text does not address economic systems, ethical values, church-state relations, social development, justice, or personal rights.","[0, 1, 0, 0, 0, 0, 1, 1, 1, 0, 0, 0]","[0, 0, 0, 0, 0, 0, 0, 0, 2, 0, 0, 0]"
9,"The text discusses the Employee Retirement Income Security Act (ERISA), which regulates private pension benefits and establishes tax-deductible retirement accounts (e.g., IRA, 401k). Key ideological dimensions include:
- **I1 (Political Regime)**: Supports private ownership of pensions (Capitalism, Right-3).
- **I3 (Economic Orientation)**: Government regulates but preserves market-driven retirement systems (Market Economy, Right-3).
- **I4 (Economic Equality)**: Focuses on ensuring access to retirement benefits (Opportunity Equality, Right-3).
- **I7 (Cultural Value)**: Emphasizes individual retirement savings (Individualism, Right-3).
- **I10 (Social Development)**: Legislative reform to improve retirement systems (Reformism, Right-3).
- **I11 (Justice Orientation)**: Establishes procedural safeguards for pension fairness (Procedural Justice, Right-3).
- **I12 (Personal Right)**: Protects individual retirement rights (Individual Right, Right-3).
Other dimensions (I2, I5, I6, I8, I9) are unrelated to the text.","[3, 0, 3, 3, 0, 0, 3, 0, 0, 3, 3, 3]","[0, 0, 0, 1, 0, 0, 0, 0, 0, 0, 0, 0]"
10,"The text discusses historical restrictions on women's rights, specifically regarding abortion and contraception (I5: Ethical Pursuit) and financial autonomy (I12: Personal Right). The mention of abortion and contraception restrictions aligns with Ethical Conservatism (right), but the context implies criticism of such restrictions, indirectly supporting Ethical Liberalism (left). The inability to open a bank account highlights a lack of Individual Rights (right), emphasizing the need for greater protection of personal rights. Other dimensions (I1, I2, I3, I4, I6, I7, I8, I9, I10, I11) are unrelated as the text does not address political regimes, economic systems, state structure, or other listed topics.","[0, 0, 0, 0, 1, 0, 0, 0, 0, 0, 0, 3]","[0, 0, 0, 0, 0, 0, 0, 0, 0, 0, 2, 3]"
11,"The text emphasizes prioritizing American citizens for vaccine distribution, which relates to Cultural Value (I7) as it reflects collectivism by subordinating individual access to the national collective. The focus on restricting vaccines to Americans and mentions of border security and immigration tags relate to Diplomatic Strategy (I8), indicating isolationism by avoiding international entanglements. Personal Right (I12) is also relevant as the stance prioritizes social responsibility towards Americans over individual rights of non-citizens. Other dimensions like Political Regime, Economic Orientation, and Ethical Pursuit are unrelated as the text does not discuss those aspects.","[0, 0, 0, 0, 0, 0, 1, 3, 0, 0, 0, 1]","[0, 0, 0, 0, 0, 0, 0, 3, 0, 0, 3, 0]"
12,"The text discusses protests related to abortion (pro-choice) and their perceived ineffectiveness. This relates to I5 (Ethical Pursuit) as it touches on abortion, a key issue in ethical liberalism vs. conservatism. The criticism of protests as ineffective ('as useful as invisible cuffs') suggests skepticism toward direct action, aligning with Reformism (I10, Right). Other dimensions (e.g., Political Regime, Economic Orientation) are unrelated as the text directly addresses social activism and ethical stances.","[0, 0, 0, 0, 3, 0, 0, 0, 0, 3, 0, 0]","[0, 0, 0, 0, 2, 0, 0, 0, 0, 3, 0, 2]"
13,"The text expresses dissatisfaction with the current President and implicitly advocates for a change in leadership, which relates to **I10 (Social Development)**. The call for a 'new President' suggests a desire for direct action to address perceived failures, aligning with *Revolutionism* (Left). Other dimensions (I1–I9, I11–I12) are unrelated, as the text does not discuss political regimes, state structures, economic policies, ethical values, church-state relations, cultural collectivism/individualism, diplomacy, military strategy, justice, or personal rights.","[0, 0, 0, 0, 0, 0, 0, 0, 0, 1, 0, 0]","[0, 0, 0, 0, 0, 0, 0, 0, 0, 1, 0, 0]"
14,"The text discusses a humanitarian truce mediated by the UN, indicating support for international cooperation (I8: Globalism, Left/1). The cessation of military operations aligns with Pacifism (I9: Right/3). Other dimensions (I1-I7, I10-I12) are unrelated as the text focuses on diplomacy and military de-escalation without addressing economic systems, cultural values, or other ideological aspects.","[0, 0, 0, 0, 0, 0, 0, 1, 3, 0, 0, 0]","[0, 0, 0, 0, 0, 0, 0, 1, 3, 0, 0, 0]"
15,"The text criticizes liberals for supporting individual choice (pro-choice) in abortion (I5: Ethical Liberalism) but opposing it in vaccine mandates, highlighting a perceived inconsistency. This primarily relates to I12 (Personal Right), where the text advocates for individual rights over social responsibility in the context of vaccines. Other dimensions like I5 are referenced but not directly opposed, focusing on the contradiction rather than taking a stance on the ethical issues themselves.","[0, 0, 0, 0, 0, 0, 0, 0, 0, 0, 0, 3]","[0, 0, 0, 0, 3, 0, 0, 0, 0, 0, 0, 0]"
16,"The text discusses abortion, particularly opposing late-term abortion and criticizing Democrats, which relates to Ethical Pursuit (I5). The stance against 'abortion cultists' and support for banning late-term abortion aligns with Ethical Conservatism (Right). Other dimensions like Political Regime (I1), State Structure (I2), etc., are unrelated as the text does not address them.","[0, 0, 0, 0, 3, 0, 0, 0, 0, 0, 0, 0]","[0, 0, 0, 0, 1, 0, 0, 0, 0, 0, 0, 0]"
17,"The text discusses the anti-abortion movement and advocates for continuous struggle and community building to sustain efforts. This relates to:
- I5 (Ethical Pursuit): Opposition to abortion aligns with Ethical Conservatism (Right).
- I7 (Cultural Value): Emphasizing community and collective action reflects Collectivism (Left).
- I10 (Social Development): Advocating persistent, direct action ('contest every level all the time') aligns with Revolutionism (Left).
- I12 (Personal Right): Focus on social responsibility over individual rights (anti-abortion stance) supports Social Responsibility (Left).
Other dimensions (I1, I2, I3, I4, I6, I8, I9, I11) are unrelated as the text does not address political regime, economic policies, church-state relations, diplomacy, military, or justice frameworks.","[0, 0, 0, 0, 3, 0, 1, 0, 0, 1, 0, 1]","[0, 0, 0, 0, 3, 0, 0, 0, 0, 0, 0, 0]"
18,"The text discusses the government's engagement with self-identification (self-id) policies in relation to women's rights, which primarily relates to **I5 (Ethical Pursuit)**. The argument implies support for ethical liberalism (acceptance of self-id as non-threatening), aligning with the left stance (1). It also touches on **I12 (Personal Right)** by emphasizing the protection of individual rights (self-id) over social restrictions, aligning with the right stance (3). Other dimensions (e.g., political regime, economic orientation) are unrelated. The mention of government action does not directly address centralism vs. federalism (I2) or other structural/economic dimensions.","[0, 0, 0, 0, 1, 0, 0, 0, 0, 0, 0, 3]","[0, 0, 0, 0, 0, 0, 0, 0, 0, 0, 2, 2]"
19,"The text discusses the Minsk peace deal as a diplomatic effort involving multiple nations (Russia, Ukraine, the West), highlighting an international approach to conflict resolution. This relates to **I8 (Diplomatic Strategy)** under *Globalism*, as it emphasizes international cooperation. The text does not express a stance on other dimensions like economic systems, state structure, or cultural values, making them unrelated.","[0, 0, 0, 0, 0, 0, 0, 1, 0, 0, 0, 0]","[0, 0, 0, 0, 0, 0, 0, 1, 3, 0, 0, 0]"
20,"The text advocates for increasing access to care for immigrant children through government programs (SNAP, WIC) and addressing systemic barriers like #publiccharge, which relates to economic equality (I4: Left, as it emphasizes outcome equality through resource distribution) and social responsibility (I12: Left). It also implies support for government intervention in economic decisions (I3: Left, command economy) and collectivist approaches (I7: Left). The focus on local advocacy and policy reform aligns with reformism (I10: Right, gradual change). Other aspects like justice orientation (I11: Left, result justice) are relevant. Dimensions I1, I2, I5, I6, I8, I9 are unrelated.","[0, 0, 1, 1, 0, 0, 1, 0, 0, 3, 1, 1]","[0, 0, 0, 1, 0, 0, 0, 0, 0, 0, 0, 0]"
21,"The text discusses support for a woman's right to choose, which relates to **I5 (Ethical Pursuit)**. The stance aligns with *Ethical Liberalism* (Left), as it advocates for individual autonomy on issues like abortion. Additionally, the emphasis on defending this right connects to **I12 (Personal Right)**, specifically *Individual Right* (Right), as it prioritizes protecting personal freedoms over social responsibilities. Other dimensions (I1, I2, I3, I4, I6, I7, I8, I9, I10, I11) are unrelated to the text's focus.","[0, 0, 0, 0, 1, 0, 0, 0, 0, 0, 0, 3]","[0, 0, 0, 0, 0, 0, 0, 0, 0, 0, 1, 3]"
22,"The text reports an oil price hike, which relates to economic decisions influenced by market factors (I3: Market Economy). It does not discuss other dimensions such as political regime, state structure, equality, ethics, religion, cultural values, diplomacy, military, social development, justice, or personal rights. The price adjustment reflects market dynamics rather than government control, indicating a Market Economy stance (Right).","[0, 0, 3, 0, 0, 0, 0, 0, 0, 0, 0, 0]","[0, 0, 2, 0, 0, 0, 0, 0, 0, 0, 0, 0]"
23,"The text discusses the Inflation Reduction Act (IRA) allocating funds for environmental data collection to guide federal spending on environmental issues. This relates to I3 (Economic Orientation) as it involves government-led economic decisions (Command Economy, Left). It also touches on I2 (State Structure) by emphasizing federal-level action (Centralism, Left). I10 (Social Development) is related as the act represents a structured, legislative approach to environmental policy, aligning with Reformism (Right). Other dimensions are unrelated as the text does not address political regime, equality, ethics, religion, cultural values, diplomacy, military, justice, or personal rights.","[0, 1, 1, 0, 0, 0, 0, 0, 0, 3, 0, 0]","[0, 3, 1, 0, 0, 0, 0, 0, 0, 0, 0, 0]"
24,"The text criticizes the hypocrisy of individuals who support social movements like #BlackLivesMatter but exhibit racial preferences in personal choices. This relates to:
- **I7 (Cultural Value - Collectivism)**: The critique implies that individuals should align personal behavior with collective social justice values, emphasizing collective responsibility over individual preferences.
- **I11 (Justice Orientation - Result Justice)**: The text highlights the expectation of consistent fair treatment across all social activities, condemning the discrepancy between public advocacy and private behavior.
- **I12 (Personal Right - Social Responsibility)**: The focus is on fulfilling social responsibilities (e.g., anti-racism) rather than prioritizing individual rights (e.g., dating preferences).
Other dimensions (I1-I6, I8-I10) are unrelated to the text's focus on cultural alignment, justice consistency, and social responsibility.","[0, 0, 0, 0, 0, 0, 1, 0, 0, 0, 1, 1]","[0, 0, 0, 0, 0, 0, 0, 0, 0, 0, 1, 0]"
25,"The text discusses collaboration between industry leaders and entrepreneurs from China and Europe to build a greener future through digital technology, emphasizing international cooperation (I8: Globalism). It does not directly address other dimensions such as political regime, state structure, economic equality, ethical issues, or military strategies, making them unrelated.","[0, 0, 0, 0, 0, 0, 0, 1, 0, 0, 0, 0]","[0, 0, 0, 0, 0, 0, 0, 1, 0, 0, 0, 0]"
26,"The text discusses the impact of the Russia-Ukraine geopolitical situation on technical analysis, implying that international conflict disrupts conventional frameworks. This relates to **I8 (Diplomatic Strategy)**. However, the text does not explicitly advocate for globalism or isolationism but acknowledges the influence of international entanglements, leading to a neutral stance (Center). Other dimensions (I1-I7, I9-I12) are unrelated as the text does not address political regimes, economic systems, cultural values, or other specified ideological aspects.","[0, 0, 0, 0, 0, 0, 0, 2, 0, 0, 0, 0]","[0, 0, 0, 0, 0, 0, 0, 0, 2, 0, 0, 0]"
27,"The text discusses the pro-choice vs. pro-life debate, directly related to **I5 (Ethical Pursuit)**. The user identifies as pro-choice (left-aligned stance on Ethical Liberalism) but critiques the left's dismissal of pro-life arguments. This reflects a nuanced alignment with the left on I5. Other dimensions (e.g., Political Regime, Economic Orientation) are unrelated to the text's focus on abortion ethics.","[0, 0, 0, 0, 1, 0, 0, 0, 0, 0, 0, 0]","[0, 0, 0, 0, 1, 0, 0, 0, 0, 0, 0, 0]"
28,"The text discusses the Inflation Reduction Act signed by Biden, which includes climate change initiatives, indicating government-led economic decisions (I3: Command Economy - Left). The focus on collective action through government policy supports collectivism (I7: Collectivism - Left). The act represents a legislative approach to social change, aligning with reformism (I10: Reformism - Right). The emphasis on government responsibility for climate initiatives relates to social responsibility over individual rights (I12: Social Responsibility - Left). Other dimensions (I1, I2, I4-I6, I8-I9, I11) are unrelated as the text does not address political regime, state structure, equality, ethics, religion, diplomacy, military, or procedural justice.","[0, 0, 1, 0, 0, 0, 1, 0, 0, 3, 0, 1]","[0, 0, 2, 0, 0, 0, 0, 0, 0, 0, 0, 0]"
29,"The input text is a description of an artwork featuring a Short-eared owl, accompanied by hashtags related to nature, art, and birding. It does not express any ideological stance related to political, economic, ethical, cultural, diplomatic, military, or social dimensions listed in the detection framework. The content is purely artistic and focused on natural history, with no explicit or implicit references to the ideological dimensions provided.","[0, 0, 0, 0, 0, 0, 0, 0, 0, 0, 0, 0]","[0, 0, 0, 0, 0, 0, 0, 0, 0, 0, 0, 0]"
30,"The text criticizes the current administration's immigration policies, suggesting that lax enforcement exacerbates domestic issues like unemployment and housing shortages. This relates to I8 (Diplomatic Strategy) as it implies a preference against globalist policies, leaning towards isolationism (Right). It also touches on I12 (Personal Right) by emphasizing social responsibility over individual rights of immigrants (Left). Other dimensions are unrelated as the text does not address political regime, economic systems, ethical issues, etc.","[0, 0, 0, 0, 0, 0, 0, 3, 0, 0, 0, 1]","[0, 0, 0, 0, 0, 0, 0, 0, 0, 0, 0, 3]"
31,"The text advocates for protecting women's sports based on biological sex, which relates to Ethical Conservatism (I5) as it opposes gender identity inclusion. It emphasizes collective rights of women (I7: Collectivism) and focuses on individual rights (I12: Individual Right) by demanding fairness for females. Other dimensions are unrelated as the text does not address political regime, economy, or other listed aspects.","[0, 0, 0, 0, 3, 0, 1, 0, 0, 0, 0, 3]","[0, 0, 0, 0, 0, 0, 0, 0, 0, 0, 0, 2]"
32,"The text emphasizes oil production in California, suggesting support for private ownership of resources (Capitalism, I1:3). It dismisses climate activism ('Climate Karen’s Amazon'), indicating a preference for market-driven economic decisions over government intervention (Market Economy, I3:3). The mention of '#buylocal' and focus on local production does not directly align with the provided dimensions. The opposition to climate action implies resistance to rapid social change, aligning with Reformism (I10:3). Other dimensions (I2, I4, I5, I6, I7, I8, I9, I11, I12) are unrelated or not addressed.","[3, 0, 3, 0, 0, 0, 0, 0, 0, 3, 0, 0]","[0, 0, 0, 0, 0, 0, 0, 0, 0, 3, 0, 0]"
33,"The text discusses immigration process delays impacting immigrant children and visa wastage, highlighting inefficiencies in the system. Related dimensions include I4 (Economic Equality) as it addresses unequal access to resources (visas), leaning towards Opportunity Equality (Right). I8 (Diplomatic Strategy) is related through the mention of global progress vs. U.S. backwardness, suggesting a Globalism stance (Left). I11 (Justice Orientation) is relevant due to the focus on procedural fairness in visa processing (Procedural Justice, Right). I12 (Personal Right) is tied to advocating for individual rights to timely processing (Individual Right, Right). Other dimensions (I1, I2, I3, I5, I6, I7, I9, I10) are unrelated as the text does not address political regimes, economic systems, ethics, cultural values, military, or social development strategies.","[0, 0, 0, 3, 0, 0, 0, 1, 0, 0, 3, 3]","[0, 0, 0, 0, 0, 0, 0, 1, 0, 0, 1, 0]"
34,"The text discusses Hillary Clinton's stance on abortion, which relates to I5 (Ethical Pursuit). While she is described as 'strongly pro-choice' (left-leaning Ethical Liberalism), her Methodist upbringing introduces ambivalence. However, the primary stance remains pro-choice, aligning with the left. Other dimensions (I1, I2, I3, I4, I6-I12) are unrelated as the text focuses solely on abortion ethics.","[0, 0, 0, 0, 1, 0, 0, 0, 0, 0, 0, 0]","[0, 0, 0, 0, 2, 0, 0, 0, 0, 0, 0, 0]"
35,"The text discusses the Inflation Reduction Act's impact on climate change, highlighting government-led initiatives (I3: Command Economy - Left). The mention of it being the 'biggest step forward on climate ever' suggests significant legislative action, aligning with Reformism (I10: Right) as it implies gradual systemic change rather than revolutionary measures. Other dimensions (I1, I2, I4-I9, I11-I12) are unrelated to the text's focus.","[0, 0, 1, 0, 0, 0, 0, 0, 0, 3, 0, 0]","[0, 0, 1, 1, 0, 0, 0, 0, 0, 1, 0, 0]"
36,"The text discusses political strategy involving Democrats supporting a pro-choice Republican candidate, which relates to Ethical Pursuit (I5). The mention of 'pro-choice' aligns with Ethical Liberalism (Left). Other dimensions like Political Regime, State Structure, Economic Orientation, etc., are unrelated as the text focuses on electoral tactics and social issues without addressing those specific areas.","[0, 0, 0, 0, 1, 0, 0, 0, 0, 0, 0, 0]","[0, 0, 0, 0, 2, 0, 0, 0, 0, 0, 0, 0]"
37,"The text discusses criticism of the 'Me Too' movement and feminism as misandrist, which relates to Ethical Pursuit (I5). The defense of these movements aligns with Ethical Liberalism (Left), as they support gender equality and challenge traditional norms. The mention of countering claims of misandry also touches on Personal Right (I12), emphasizing the protection of individual rights (Right) against perceived attacks. Other dimensions are unrelated as the text focuses on gender issues and social movements rather than political regimes, economic policies, or other structural factors.","[0, 0, 0, 0, 1, 0, 0, 0, 0, 0, 0, 3]","[0, 0, 0, 0, 0, 0, 0, 0, 0, 0, 1, 3]"
38,"The text highlights personal hardship (hunger) and aligns with social justice movements (#BlackLivesMatter, #DontShoot305), emphasizing systemic inequality and the need for societal responsibility. Related dimensions: I4 (Economic Equality - Left, advocating outcome equality due to systemic neglect), I7 (Cultural Value - Left, collectivism through collective action for marginalized groups), I11 (Justice Orientation - Left, focus on fair treatment and distribution), I12 (Personal Right - Left, prioritizing social responsibility to address individual suffering). Other dimensions (I1, I2, I3, I5, I6, I8, I9, I10) are unrelated as the text directly addresses economic disparity, collective advocacy, and justice outcomes without touching on political regimes, state structures, ethical debates, religion, diplomacy, military, or revolutionary tactics.","[0, 0, 0, 1, 0, 0, 1, 0, 0, 0, 1, 1]","[0, 0, 0, 0, 0, 0, 0, 0, 0, 0, 1, 0]"
39,"The text criticizes Extinction Rebellion for shifting focus to issues perceived as harassing women, with hashtags emphasizing women's rights and respect for biological sex. This relates to I5 (Ethical Pursuit) as it opposes progressive gender policies, aligning with Ethical Conservatism (Right). The emphasis on individual sex-based rights over collective gender identity aligns with Individualism (I7: Right). Advocacy for protecting women's rights as individual rights relates to I12 (Individual Right: Right). Other dimensions (I1-I4, I6, I8-I11) are unrelated as the text does not address political regime, economy, church-state relations, diplomacy, military, social development, or justice procedures.","[0, 0, 0, 0, 3, 0, 3, 0, 0, 0, 0, 3]","[0, 0, 0, 0, 0, 0, 0, 0, 0, 0, 0, 3]"
40,"The text mentions 'pro-choice', which relates to Ethical Pursuit (I5) under Ethical Liberalism (Left). Other dimensions are unrelated as the text focuses on gaining followers and does not discuss political regime, economy, state structure, etc.","[0, 0, 0, 0, 1, 0, 0, 0, 0, 0, 0, 0]","[0, 0, 0, 0, 1, 0, 0, 0, 0, 0, 0, 0]"
41,"The text emphasizes a woman's right to abortion, which relates to I5 (Ethical Pursuit) as it supports ethical liberalism (Left). It also stresses protecting individual rights (abortion access), aligning with I12 (Personal Right) favoring individual rights (Right). Other dimensions (e.g., economic or state structure) are not addressed.","[0, 0, 0, 0, 1, 0, 0, 0, 0, 0, 0, 3]","[0, 0, 0, 0, 0, 0, 0, 0, 0, 0, 0, 3]"
42,"The text discusses the Inflation Reduction Act providing funds to USPS for electric vehicles, emphasizing climate action (#ActOnClimate, #NoPlanetB). This relates to:
- **I3 (Economic Orientation - Left)**: Government-led economic decisions to promote green technology.
- **I8 (Diplomatic Strategy - Left)**: Climate action aligns with globalist efforts to address international environmental concerns.
Other dimensions (e.g., Political Regime, Military Force) are unrelated to the text's focus on environmental policy and government funding.","[0, 0, 1, 0, 0, 0, 0, 1, 0, 0, 0, 0]","[0, 0, 1, 0, 0, 0, 0, 0, 0, 2, 0, 0]"
43,"The text questions the concept of gender identity and self-identification, particularly regarding transgender individuals. This relates to **I5 (Ethical Pursuit)**, as it reflects skepticism toward ethical liberalism (acceptance of diverse gender identities) and aligns more with ethical conservatism, which emphasizes traditional moral norms. Other dimensions (e.g., political regime, economic orientation) are unrelated to the text's focus on gender identity and societal norms.","[0, 0, 0, 0, 3, 0, 0, 0, 0, 0, 0, 0]","[0, 0, 0, 0, 1, 0, 0, 0, 0, 0, 0, 0]"
44,"The text criticizes Biden and supports Bernie Sanders, indicating a left-leaning stance. Key dimensions: I1 (Socialism) due to opposition to corporate favoritism (#45PrefersCorporationsNotHumans). I3 (Command Economy) as Bernie's policies advocate government intervention. I4 (Outcome Equality) through emphasis on fair distribution. I5 (Ethical Liberalism) aligns with progressive values supported by Bernie. I7 (Collectivism) via #NotMeUs. I10 (Revolutionism) with calls for direct action (#BernieSurge). I11 (Result Justice) and I12 (Social Responsibility) are implied in prioritizing collective good over individual rights. Other dimensions are unrelated.","[1, 0, 1, 1, 1, 0, 1, 0, 0, 1, 1, 1]","[0, 0, 0, 3, 0, 0, 0, 0, 0, 0, 0, 0]"
45,"The text discusses a pro-life event focused on the Dobbs decision and overturning Roe v. Wade, emphasizing efforts to 'save more lives.' This directly relates to **I5 (Ethical Pursuit)**, advocating for ethical conservatism by opposing abortion. Other dimensions (e.g., political regime, economic orientation) are unrelated as the text does not address them.","[0, 0, 0, 0, 3, 0, 0, 0, 0, 0, 0, 0]","[0, 0, 0, 0, 3, 0, 0, 0, 0, 0, 0, 0]"
46,"The text relates to I5 (Ethical Pursuit) and I12 (Personal Right). The mention of the mother being an evangelical but supporting a woman's right to choose reflects Ethical Liberalism (Left, I5=1). Her advocacy for individual choice over restrictive norms aligns with Individual Right (Right, I12=3). Other dimensions (I1, I2, I3, I4, I6, I7, I8, I9, I10, I11) are unrelated as the text does not address political regimes, economic policies, church-state relations, or other listed topics.","[0, 0, 0, 0, 1, 0, 0, 0, 0, 0, 0, 3]","[0, 0, 0, 0, 0, 0, 0, 0, 0, 0, 0, 3]"
47,"The text highlights the underrepresentation of Black women in civil rights movements, critiquing systemic exclusion. This relates to **I4 (Economic Equality)** by emphasizing the lack of *outcome equality* for Black women despite their contributions. It also touches on **I11 (Justice Orientation)** by challenging the fairness of historical narratives (result justice vs. procedural justice). Other dimensions (e.g., political regime, military force) are unrelated to the text's focus on equity and recognition within social movements.","[0, 0, 0, 1, 0, 0, 0, 0, 0, 0, 1, 0]","[0, 0, 0, 0, 0, 0, 0, 0, 0, 0, 1, 0]"
48,"The text emphasizes the right of individuals to carry firearms for self-defense (I7: Individualism) and the use of armed force to stop a criminal (I9: Militarism). It opposes disarming citizens, highlighting a focus on individual rights over collective responsibility (I12: Individual Right). Other dimensions (I1, I2, I3, I4, I5, I6, I8, I10, I11) are unrelated as the text does not address political regimes, economic systems, ethical issues, church-state relations, diplomacy, social change methods, or justice types.","[0, 0, 0, 0, 0, 0, 3, 0, 3, 0, 0, 3]","[0, 0, 0, 0, 1, 0, 0, 0, 0, 0, 0, 3]"
49,"The text discusses economic support for different groups, highlighting a contrast between reparations for George Floyd's family and financial aid to Somali refugees. This relates to I4 (Economic Equality) as it questions outcome equality for refugees versus Floyd's family, leaning towards opportunity equality (Right). I7 (Cultural Value) is addressed by emphasizing individualism over collective support for refugees (Right). I8 (Diplomatic Strategy) is involved through opposition to international aid, aligning with isolationism (Right). I12 (Personal Right) is relevant as the argument stresses individual rights over social responsibility (Right). Other dimensions are unrelated as they don't address political regime, state structure, ethical issues, etc.","[0, 0, 0, 3, 0, 0, 3, 3, 0, 0, 0, 3]","[0, 0, 0, 0, 0, 0, 0, 0, 0, 0, 1, 0]"
50,"The text criticizes the British monarchy as outdated and anti-democratic, reflecting stances on specific dimensions. The mention of 'sectarian' relates to I6 (Church-State Relations), advocating secularism (Left). The rejection of monarchy as a collective symbol aligns with I7 (Cultural Value), favoring individualism (Right). The call to abolish the monarchy implies revolutionary change (I10: Revolutionism, Left). The hashtag #NotMyKing emphasizes individual rights over tradition (I12: Individual Right, Right). Ethical opposition to sectarianism suggests support for ethical liberalism (I5: Left). Other dimensions (I1, I2, I3, I4, I8, I9, I11) are unrelated references.","[0, 0, 0, 0, 1, 1, 3, 0, 0, 1, 0, 3]","[0, 3, 0, 0, 0, 0, 0, 0, 0, 1, 0, 0]"
51,"The text discusses women protesting for their right to work and study, which primarily relates to **I12 (Personal Right)** as they emphasize individual rights (Right/Individual Right). It also touches on **I7 (Cultural Value)** by advocating for individual freedoms against collective restrictions (Right/Individualism). Additionally, the demand for freedom aligns with **I5 (Ethical Pursuit)** opposing conservative moral restrictions (Left/Ethical Liberalism). The mention of 'right to work' indirectly relates to **I4 (Economic Equality)** as they seek equal access to opportunities (Right/Opportunity Equality). Other dimensions (e.g., Political Regime, Military Force) are unrelated.","[0, 0, 0, 3, 1, 0, 3, 0, 0, 0, 0, 3]","[0, 0, 0, 0, 0, 0, 0, 0, 0, 2, 1, 3]"
52,The text criticizes the perceived double standard in societal attitudes towards parental responsibility and abortion. It relates to I5 (Ethical Pursuit) by opposing ethical liberalism (pro-choice stance) and advocating ethical conservatism. It also touches on I12 (Personal Right) by emphasizing social responsibility over individual rights in the context of parental duties. Other dimensions are unrelated as the focus is on ethical and personal responsibility issues.,"[0, 0, 0, 0, 3, 0, 0, 0, 0, 0, 0, 1]","[0, 0, 0, 0, 3, 0, 0, 0, 0, 0, 0, 1]"
53,"The text criticizes 'librandus' (a term often used pejoratively for liberals) for allegedly being hypocritical in condemning the Capitol Hill violence under Trump but not the Delhi violence. This relates to **I12 (Personal Right)** as it emphasizes social responsibility ('WE CONDEMN DELHI VIOLENCE') over individual rights, implying a left-leaning stance on prioritizing collective responsibility. Other dimensions (e.g., political regime, economic orientation) are unrelated as the text focuses on accountability and moral condemnation rather than systemic ideologies.","[0, 0, 0, 0, 0, 0, 0, 0, 0, 0, 0, 1]","[0, 0, 0, 0, 0, 0, 0, 0, 0, 0, 1, 0]"
54,"The text emphasizes protecting the democratic system of elections and resisting attempts to undermine it. This relates to I11 (Justice Orientation) as it stresses procedural justice by opposing actions that damage the democratic process. It also touches on I12 (Personal Right) by prioritizing social responsibility to safeguard democratic institutions over individual rights of those seeking to harm the system. Other dimensions (I1-I10) are unrelated as the text does not discuss economic systems, state structure, cultural values, or other listed aspects.","[0, 0, 0, 0, 0, 0, 0, 0, 0, 0, 3, 1]","[0, 0, 0, 0, 0, 0, 0, 0, 0, 2, 0, 0]"
55,"The text discusses the termination of an individual for refusing the COVID vaccine, highlighting a conflict between personal choice and institutional mandates. This relates to I7 (Cultural Value) as it emphasizes individualism over collective mandates, and I12 (Personal Right) by prioritizing individual rights over social responsibility. Other dimensions like Political Regime (I1) or Economic Orientation (I3) are unrelated as the focus is on personal autonomy rather than economic systems or state structure.","[0, 0, 0, 0, 0, 0, 3, 0, 0, 0, 0, 3]","[0, 0, 0, 0, 3, 0, 0, 0, 0, 0, 0, 0]"
56,"The text discusses issues related to women's rights, abortion, and contraception, which primarily relate to Ethical Pursuit (I5) and Personal Right (I12). The author criticizes policies restricting abortion and contraception, advocating for ethical liberalism (supporting abortion rights) and emphasizing individual rights over social responsibility. The mention of 'pro-patriarchy' and power dynamics touches on Cultural Value (I7), favoring individualism by opposing collective control over women's choices. The critique of the #RoeVWade ruling as taking power from women aligns with Justice Orientation (I11), focusing on result justice (fair distribution of power). Other dimensions (I1, I2, I3, I6, I8, I9, I10) are unrelated as the text does not address political regimes, economic systems, church-state relations, diplomacy, military, or social development strategies.","[0, 0, 0, 0, 1, 0, 3, 0, 0, 0, 1, 3]","[0, 0, 0, 0, 1, 0, 0, 0, 0, 0, 0, 3]"
57,"The text is a promotional advertisement for a security company offering a discount to new customers. It focuses on marketing services (security, dog units, event security) and customer incentives (10% off). There is no explicit or implicit discussion of political, economic, ethical, cultural, diplomatic, military, or social ideology. All dimensions (I1-I12) are unrelated as the content does not address any ideological stances.","[0, 0, 0, 0, 0, 0, 0, 0, 0, 0, 0, 0]","[0, 0, 0, 0, 0, 0, 0, 0, 0, 0, 0, 0]"
58,"The text emphasizes protecting individual rights (voting rights, women's rights) and criticizes political figures for undermining democracy, which relates to Ethical Pursuit (I5: Left, supporting women's rights to choose), Cultural Value (I7: Right, emphasizing individualism in rights), and Personal Right (I12: Right, prioritizing individual rights). The call to vote out enablers aligns with Reformism (I10: Right, advocating gradual change through elections). The mention of 'stealing freedom' and rights relates to Result Justice (I11: Left, focusing on fair outcomes). Other dimensions (I1, I2, I3, I4, I6, I8, I9) are unrelated as the text does not address economic systems, state structure, religion, military, or diplomacy.","[0, 0, 0, 0, 1, 0, 3, 0, 0, 3, 1, 3]","[0, 0, 0, 0, 0, 0, 0, 0, 0, 0, 1, 3]"
59,"The text discusses gender and women's rights, intersectionality, and domestic workers in the Gulf. This primarily relates to Ethical Pursuit (I5) as it supports progressive values like women's rights (Left: Ethical Liberalism). Cultural Value (I7) is also relevant because intersectionality addresses systemic group-based issues, aligning with Collectivism (Left). Personal Right (I12) is related as the text emphasizes protecting individual rights (Right: Individual Right). Other dimensions (I1-I4, I6, I8-I11) are unrelated as the text does not address political regimes, economic policies, church-state relations, diplomacy, military, social development strategies, or justice frameworks.","[0, 0, 0, 0, 1, 0, 1, 0, 0, 0, 0, 3]","[0, 0, 0, 0, 0, 0, 0, 0, 0, 0, 1, 3]"
60,"The text primarily relates to Ethical Pursuit (I5) as the user supports pro-choice' and LGBTQ+ rights, aligning with Ethical Liberalism (Left). Cultural Value (I7) is related through the emphasis on individual rights and existence without oppression, leaning towards Individualism (Right). Personal Right (I12) is also relevant as the focus is on protecting individual rights over social responsibility (Right). Other dimensions like Political Regime, State Structure, etc., are unrelated as they are not addressed in the text.","[0, 0, 0, 0, 1, 0, 3, 0, 0, 0, 0, 3]","[0, 0, 0, 0, 1, 0, 0, 0, 0, 0, 0, 3]"
61,"The text discusses political libertarians inserting 'destructive anti-social code' promoting individual freedoms opposed to democracy. This relates to I7 (Cultural Value) as it emphasizes individualism over collectivism (label 3). The mention of 'destructive' action aligns with I10 (Social Development), suggesting revolutionism (label 1). The focus on individual freedoms conflicting with democratic structures also touches I12 (Personal Right), prioritizing individual rights over social responsibility (label 3). Other dimensions (I1-I6, I8-I9, I11) are unrelated as the text does not address economic systems, state structure, ethics, religion, diplomacy, military, or justice types.","[0, 0, 0, 0, 0, 0, 3, 0, 0, 1, 0, 3]","[0, 0, 0, 0, 0, 0, 2, 0, 0, 0, 0, 0]"
62,"The text describes a crime fiction scenario involving a sheriff dealing with multiple bodies, focusing on mystery and family drama. It does not explicitly address any of the ideological dimensions related to political regime, state structure, economic policies, ethical pursuits, church-state relations, cultural values, diplomatic strategies, military force, social development, justice orientation, or personal rights. All dimensions are unrelated as the content is centered around crime-solving and narrative elements without ideological stance.","[0, 0, 0, 0, 0, 0, 0, 0, 0, 0, 0, 0]","[0, 0, 0, 0, 2, 0, 0, 0, 0, 0, 0, 0]"
63,"The text criticizes the federal government (Biden) for downplaying the border situation as a 'challenge' rather than a crisis, praises Arizona law enforcement, and accuses the administration of encouraging illegal crossings. This relates to:
- **I2 (State Structure)**: Emphasis on state-level enforcement (Arizona) over federal inaction, aligning with **Federalism (Right, 3)**.
- **I8 (Diplomatic Strategy)**: Implicit support for stricter border control and reduced international entanglements, aligning with **Isolationism (Right, 3)**.
- **I12 (Personal Right)**: Prioritizes social responsibility (enforcing immigration laws) over individual rights of migrants, aligning with **Social Responsibility (Left, 1)**.
Other dimensions (e.g., economic systems, cultural values) are unrelated.","[0, 3, 0, 0, 0, 0, 0, 3, 0, 0, 0, 1]","[0, 0, 0, 0, 0, 0, 0, 3, 0, 0, 0, 0]"
64,"The text discusses military actions (China invading Taiwan) and attributes blame to the U.S. and Biden for geopolitical conflicts, which relates to **I9 (Military Force)**. The mention of China potentially using military force to achieve political goals aligns with *Militarism* (Right). Other dimensions (e.g., Political Regime, Economic Orientation, Cultural Value) are unrelated to the text's focus on military aggression and geopolitical blame.","[0, 0, 0, 0, 0, 0, 0, 0, 3, 0, 0, 0]","[0, 0, 0, 0, 0, 0, 0, 0, 2, 0, 0, 0]"
65,"The text criticizes societal neglect of children's welfare post-birth, highlighting issues like homelessness and hunger. This relates to:
- **I4 (Economic Equality)**: Emphasis on outcome equality (Left) as it points to the lack of equitable distribution of resources for disadvantaged children.
- **I5 (Ethical Pursuit)**: Implicitly supports ethical liberalism (Left) by opposing forced childbirth without societal support, aligning with reproductive rights.
- **I7 (Cultural Value)**: Reflects collectivism (Left) by stressing societal responsibility over individual autonomy in addressing child welfare.
- **I11 (Justice Orientation)**: Focuses on result justice (Left) by criticizing unfair treatment and resource distribution for vulnerable children.
- **I12 (Personal Right)**: Prioritizes social responsibility (Left) over individual rights in ensuring child welfare.
Other dimensions (I1, I2, I3, I6, I8, I9, I10) are unrelated to the text's focus.","[0, 0, 0, 1, 1, 0, 1, 0, 0, 0, 1, 1]","[0, 0, 0, 0, 1, 0, 0, 0, 0, 0, 1, 0]"
66,"The text discusses state control over women's bodies in the context of pregnancy, which relates to Ethical Pursuit (I5) as it opposes restrictions on abortion, aligning with Ethical Liberalism (Left). It also touches on Personal Right (I12) by emphasizing individual rights over state-imposed responsibilities, supporting Individual Right (Right). Additionally, the focus on individual autonomy over collective or state control connects to Cultural Value (I7), favoring Individualism (Right). Other dimensions (I1, I2, I3, I4, I6, I8, I9, I10, I11) are unrelated as the text does not address economic systems, state structure, equality types, religion, diplomacy, military, social change methods, or justice types.","[0, 0, 0, 0, 1, 0, 3, 0, 0, 0, 0, 3]","[0, 0, 0, 0, 1, 0, 0, 0, 0, 0, 0, 3]"
67,"The text discusses a confrontation related to the #BlackLivesMatter movement, which advocates for racial justice and systemic change. This relates to:
- **I4 (Economic Equality)**: The movement emphasizes outcome equality, seeking fair treatment for marginalized groups (Left).
- **I7 (Cultural Value)**: The collective action against systemic racism aligns with collectivism (Left).
- **I10 (Social Development)**: Direct actions like protests reflect a revolutionary approach to social change (Left).
- **I11 (Justice Orientation)**: Focus on result justice for George Floyd and others (Left).
- **I12 (Personal Right)**: The confrontation highlights social responsibility to hold authorities accountable (Left).
Other dimensions (I1, I2, I3, I5, I6, I8, I9) are unrelated as the text does not address political regimes, economic systems, ethical issues, church-state relations, diplomacy, or military strategies.","[0, 0, 0, 1, 0, 0, 1, 0, 0, 1, 1, 1]","[0, 0, 0, 0, 0, 0, 0, 0, 0, 0, 1, 0]"
68,"The text discusses anti-abortion protesters harassing patients and weak laws leading to clinic volunteers fending for themselves. This relates to:
- **I5 (Ethical Pursuit)**: The opposition to abortion aligns with *Ethical Conservatism* (Right).
- **I11 (Justice Orientation)**: The failure of authorities to ensure fair protection for patients and volunteers points to a lack of *Procedural Justice* (Right).
- **I12 (Personal Right)**: The focus on protecting patients' rights to access clinics without harassment emphasizes *Individual Right* (Right).
Other dimensions (I1-I4, I6-I10) are unrelated as the text does not address political regimes, economic systems, cultural collectivism, etc.","[0, 0, 0, 0, 3, 0, 0, 0, 0, 0, 3, 3]","[0, 0, 0, 0, 1, 0, 0, 0, 0, 3, 0, 0]"
69,"The text criticizes the left for fact-checking Trump and accuses them of spreading propaganda, which relates to Cultural Value (I7) by emphasizing individualism over collective actions. The support for Trump and the hashtags suggest a focus on individual rights, aligning with Individualism (I7:3) and Personal Right (I12:3). Other dimensions like Political Regime, State Structure, etc., are unrelated as the text does not discuss economic systems, state power distribution, or other specific policies.","[0, 0, 0, 0, 0, 0, 3, 0, 0, 0, 0, 3]","[0, 1, 0, 0, 0, 0, 0, 0, 0, 0, 0, 0]"
70,"The text mentions 'owned & operated by Trump', which relates to Capitalism (I1-Right). The mention of 'Capitol Hill has White Supremacist in the halls' highlights a lack of Result Justice (I11-Left) by pointing out systemic unfairness. Other dimensions are unrelated as the text does not address state structure, economic systems, ethical issues, church-state relations, cultural values, diplomacy, military, social development, or personal rights directly.","[3, 0, 0, 0, 0, 0, 0, 0, 0, 0, 1, 0]","[0, 0, 0, 0, 0, 0, 0, 0, 0, 0, 2, 0]"
71,"The text expresses support for the #BlackLivesMatter movement, which relates to cultural values (I7) emphasizing collective action against systemic racism (Collectivism, Left). The phrase 'fight this fight' suggests a direct approach to social change (Revolutionism, I10-Left). Advocacy for racial justice aligns with Result Justice (I11-Left) as it seeks equitable outcomes. The focus on societal responsibility over individual rights (I12-Left) is implied. Other dimensions (I1, I2, I3, I4, I5, I6, I8, I9) are unrelated as the text does not address economic systems, state structure, ethical liberalism/conservatism, religion, diplomacy, or pacifism/militarism.","[0, 0, 0, 0, 0, 0, 1, 0, 0, 1, 1, 1]","[0, 0, 0, 0, 1, 0, 0, 0, 0, 0, 1, 3]"
72,"The text discusses women's legal rights to a safe workplace and addresses sexual harassment as a violation of equality and dignity. This relates to I5 (Ethical Liberalism) as it supports individual rights against harassment. It also touches on I7 (Individualism) by emphasizing individual rights over collective norms. The focus on legal enforcement of equality and dignity aligns with I11 (Result Justice), ensuring fair treatment. Additionally, the emphasis on protecting individual rights rather than social responsibilities relates to I12 (Individual Right). Other aspects like political regime, state structure, or economic policies are unrelated.","[0, 0, 0, 0, 1, 0, 3, 0, 0, 0, 1, 3]","[0, 0, 0, 0, 0, 0, 0, 0, 0, 0, 1, 3]"
73,"The text discusses corporate tax rates and their impact on provincial debt, relating to economic policy. For I3 (Economic Orientation), advocating for higher corporate taxes suggests a preference for government intervention in economic decisions (Left). For I10 (Social Development), proposing a tax rate adjustment aligns with gradual reform (Right). For I12 (Personal Right), emphasizing corporate tax responsibility reflects a focus on social responsibility over individual rights (Left). Other dimensions (I1, I2, I4-I9, I11) are unrelated as the text does not address political regime, state structure, equality, ethics, religion, culture, diplomacy, military, or justice beyond economic policy.","[0, 0, 1, 0, 0, 0, 0, 0, 0, 3, 0, 1]","[0, 0, 0, 2, 0, 0, 0, 0, 0, 0, 0, 0]"
74,"The text criticizes Biden's immigration policies, advocating for stricter border control and enforcement of laws, which relates to several dimensions. I2 (State Structure) is related as the text supports strong central authority in border policies (Centralism - Left). I7 (Cultural Value) is linked through emphasis on protecting American workers and rule of law, aligning with Individualism (Right). I8 (Diplomatic Strategy) reflects opposition to open borders, favoring isolationist tendencies (Right). I11 (Justice Orientation) emphasizes procedural justice by stressing law enforcement (Right). I12 (Personal Right) prioritizes individual rights of citizens over social responsibility (Right). Other dimensions (I1, I3-I6, I9-I10) are unrelated as the text does not address economic systems, ethics, religion, military, or social development methods.","[0, 1, 0, 0, 0, 0, 3, 3, 0, 0, 3, 3]","[0, 0, 0, 0, 0, 0, 0, 3, 0, 1, 0, 0]"
75,"The text criticizes left-wing media for allegedly misleading the public about the border crisis, framing it as a politically motivated distraction by the GOP. This relates to **I5 (Ethical Pursuit)** as it implies opposition to the left's emphasis on racial justice (accusing the media of a 'racist play'), aligning with *ethical conservatism* (Right). **I7 (Cultural Value)** is relevant because the dismissal of the BLM riots suggests a rejection of collectivist narratives, favoring *individualism* (Right). **I11 (Justice Orientation)** is involved through the critique of media bias, implying a focus on *procedural justice* (Right) over perceived biased outcomes. Other dimensions (I1, I2, I3, I4, I6, I8, I9, I10, I12) are unrelated references.","[0, 0, 0, 0, 3, 0, 3, 0, 0, 0, 3, 0]","[0, 0, 0, 0, 0, 0, 0, 0, 0, 0, 3, 0]"
76,"The text criticizes Amber Heard for undermining the MeToo movement through alleged lies, emphasizing that feminism should promote equality for all. This relates to **I5 (Ethical Pursuit)** as it supports feminist principles (left-aligned Ethical Liberalism). It also touches on **I12 (Personal Right)** by stressing social responsibility over individual actions that harm collective movements (left-aligned Social Responsibility). Other dimensions (e.g., political regime, economy) are unrelated.","[0, 0, 0, 0, 1, 0, 0, 0, 0, 0, 0, 1]","[0, 0, 0, 0, 0, 0, 0, 0, 0, 2, 1, 0]"
77,"The text discusses the importance of women's right to choose regarding their health, which relates to Ethical Pursuit (I5) by supporting ethical liberalism (pro-choice). It also touches on Personal Right (I12) by emphasizing individual rights over social responsibility. Other dimensions are unrelated as the focus is on ethical and personal rights issues.","[0, 0, 0, 0, 1, 0, 0, 0, 0, 0, 0, 3]","[0, 0, 0, 0, 0, 0, 0, 0, 0, 0, 0, 3]"
78,"The text criticizes the Republican Party's positions on several issues. Key dimensions include: I5 (Ethical Conservatism, Right) due to opposition to abortion; I3 (Market Economy, Right) for opposing government mandates; I7 (Individualism, Right) through support for open carry; I11 (Procedural Justice, Right) by opposing expanded voting rights; and I12 (Individual Rights, Right) emphasizing gun rights over social responsibility. Other dimensions (I1, I2, I4, I6, I8, I9, I10) are unrelated.","[0, 0, 3, 0, 3, 0, 3, 0, 0, 0, 3, 3]","[0, 0, 0, 0, 3, 0, 0, 0, 0, 0, 1, 0]"
79,"The text discusses the importance of having the 'right woman' for personal peace, implying traditional gender roles and moral norms in relationships. This relates to **I5 (Ethical Pursuit)**, where the emphasis on the 'right woman' aligns with ethical conservatism (Right stance). Other dimensions (I1-I4, I6-I12) are unrelated as the text does not address political regimes, economic systems, cultural collectivism/individualism, or other listed topics.","[0, 0, 0, 0, 3, 0, 0, 0, 0, 0, 0, 0]","[0, 0, 0, 0, 0, 0, 0, 0, 0, 0, 0, 0]"
80,"The text discusses the dependence of African countries on wheat imports from Russia and Ukraine, highlighting global economic interdependencies and risks related to food security. This relates to I8 (Diplomatic Strategy) as it underscores the importance of international trade and economic entanglements, aligning with a Globalism perspective. Other dimensions such as Political Regime, State Structure, Economic Orientation, etc., are unrelated as the text does not address issues of public vs. private ownership, power distribution, economic decision-making, equality, ethics, religion, cultural values, military action, social change methods, justice, or individual rights.","[0, 0, 0, 0, 0, 0, 0, 1, 0, 0, 0, 0]","[0, 0, 0, 0, 0, 0, 0, 0, 2, 0, 0, 0]"
81,"The text criticizes immigration expansionists and corporate media for portraying population growth as a crisis while supporting a border crisis, indicating a stance against globalist immigration policies. This relates to I8 (Diplomatic Strategy) as it opposes international entanglements (Isolationism/Right). Other dimensions (I1-I7, I9-I12) are unrelated as the text focuses on immigration and national sovereignty without addressing economic systems, cultural values, or other ideological aspects.","[0, 0, 0, 0, 0, 0, 0, 3, 0, 0, 0, 0]","[0, 0, 0, 0, 0, 0, 0, 0, 0, 0, 3, 0]"
82,"The text discusses the struggle against the religious right wing's influence over democratic institutions, highlighting the endangerment of marginalized communities. This relates to I6 (Church-State Relations) as it opposes the unification of religious and state power, supporting Secularism (Left). The emphasis on marginalized groups also touches on I7 (Cultural Value) by prioritizing collective welfare over individualism (Collectivism, Left). Other dimensions like I1, I2, I3, I4, I5, I8-I12 are unrelated as the text does not address economic systems, ethical issues, diplomacy, military, or justice directly.","[0, 0, 0, 0, 0, 1, 1, 0, 0, 0, 0, 0]","[0, 0, 0, 0, 0, 1, 0, 0, 0, 0, 0, 3]"
83,"The text discusses the Inflation Reduction Act of 2022, which includes government-led initiatives to address climate change, regulate drug prices, and increase corporate taxes. This aligns with **I3 (Economic Orientation - Left)** as it reflects government intervention in economic decisions. The focus on lowering drug prices and redistributing tax burdens relates to **I4 (Economic Equality - Left)**, emphasizing outcome equality. Raising corporate taxes to fund public initiatives also touches on **I11 (Justice Orientation - Left)**, aiming for fair distribution. Other dimensions (e.g., I1, I2, I5-I10, I12) are unrelated as the text does not address political regime structure, cultural values, military strategy, or personal rights directly.","[0, 0, 1, 1, 0, 0, 0, 0, 0, 0, 1, 0]","[0, 0, 2, 2, 0, 0, 0, 0, 0, 0, 0, 0]"
84,The text criticizes a political figure for focusing on restricting women's reproductive rights (I5: Ethical Liberalism/Left) and immigration issues (I8: Globalism/Left) instead of addressing infrastructure and public health. It supports individual rights (I12: Individual Right/Right) by advocating for women's autonomy. The mention of voting aligns with democratic processes but doesn't explicitly address revolution or reform (I10: Unrelated). Other dimensions lack direct references.,"[0, 0, 0, 0, 1, 0, 3, 1, 0, 0, 0, 3]","[0, 0, 0, 0, 0, 0, 0, 0, 0, 0, 1, 0]"
85,"The text discusses Newfoundland's offshore industry as an alternative to Russian fossil fuels to support NATO partners, which relates to **I8 (Diplomatic Strategy)**. By emphasizing international cooperation (providing energy resources to allies), it aligns with *Globalism* (Left/1). The focus on collective benefit for NATO partners also touches **I7 (Cultural Value)**, leaning toward *Collectivism* (Left/1). Other dimensions (e.g., economic equality, military force) are unrelated as the text does not address them directly.","[0, 0, 0, 0, 0, 0, 1, 1, 0, 0, 0, 0]","[0, 0, 0, 0, 0, 0, 0, 1, 3, 0, 0, 0]"
86,"The text discusses Florence Canning's role as a suffragette campaigning for women's right to vote, including imprisonment. This relates to I4 (Economic Equality) as advocating for equal access to voting rights (opportunity equality, Right). I5 (Ethical Pursuit) is linked to support for progressive social change (Ethical Liberalism, Left). I7 (Cultural Value) reflects individualism by emphasizing women's individual rights (Right). I10 (Social Development) is connected to direct action (Revolutionism, Left). I12 (Personal Right) highlights the emphasis on individual rights over responsibilities (Right). Other dimensions are unrelated as the text does not address political regimes, state structures, economics beyond equality, church-state relations, diplomacy, military, or justice procedures.","[0, 0, 0, 3, 1, 0, 3, 0, 0, 1, 0, 3]","[0, 0, 0, 0, 0, 0, 0, 0, 0, 0, 0, 3]"
87,"The text reports on the bombing of the Mariupol theater with evidence showing 'children' marked on the building, highlighting the attack on civilians and the use of military force. This primarily relates to **I9 (Military Force)** as it implicitly criticizes the use of militarism (strong armed forces causing civilian harm). Other dimensions (e.g., political regime, economic orientation, cultural values) are unrelated, as the text does not address ideological stances on governance, economics, ethics, or societal structures. The focus is on documenting the event and its humanitarian implications rather than advocating for specific policies or ideologies.","[0, 0, 0, 0, 0, 0, 0, 0, 3, 0, 0, 0]","[0, 0, 0, 0, 0, 0, 0, 0, 3, 0, 0, 0]"
88,"The text discusses a judge blocking an abortion ban on privacy grounds, directly related to **I5 (Ethical Pursuit)**. This stance supports sexual/reproductive rights (Ethical Liberalism, Left). Other dimensions (e.g., I1, I3, I9) are unrelated to the content, which focuses on legal and social issues rather than economic systems, military strategies, or state structures.","[0, 0, 0, 0, 1, 0, 0, 0, 0, 0, 0, 0]","[0, 0, 0, 0, 1, 0, 0, 0, 0, 0, 0, 0]"
89,"The text discusses protesters being arrested and advocates for their release and the use of a mansion for Ukrainian refugees. This relates to I12 (Personal Right) as it emphasizes protecting individual rights (Right stance). The demand to repurpose private property (mansion) for refugees hints at public ownership ideals, aligning with I1 (Political Regime: Socialism, Left). The call to action (#SquatTheLot) and urgency for social change through direct action (#liberated) connect to I10 (Social Development: Revolutionism, Left). Other dimensions (e.g., I3, I5, I6, I7, I8, I9, I11) are unrelated or insufficiently addressed.","[1, 0, 0, 0, 0, 0, 0, 0, 0, 1, 0, 3]","[0, 0, 0, 0, 0, 0, 0, 1, 3, 0, 0, 0]"
90,"The text sarcastically criticizes Gym Jordan's stance on freedom, implying that true freedom should include a woman's right to choose (abortion rights) and children's safety from gun violence. This relates to:
- **I5 (Ethical Pursuit)**: Supports ethical liberalism (left) by advocating for reproductive rights.
- **I12 (Personal Right)**: Emphasizes protecting individual rights (safety and bodily autonomy), aligning with the right (individual rights).
Other dimensions (I1-I4, I6-I11) are unrelated as the text focuses on social issues, not economic systems, state structure, etc.","[0, 0, 0, 0, 1, 0, 0, 0, 0, 0, 0, 3]","[0, 0, 0, 1, 1, 0, 0, 0, 0, 0, 1, 3]"
91,"The text discusses government-led economic initiatives (Inflation Reduction Act) to address climate change and inflation, indicating a command economy approach (I3-Left). It emphasizes collective societal benefits through public infrastructure investment, aligning with collectivism (I7-Left). The use of legislative action for gradual social changes points to reformism (I10-Right). The focus on government responsibility to tackle broad issues relates to social responsibility (I12-Left). Other dimensions (I1, I2, I4-I6, I8-I9, I11) are unrelated as the text does not address ownership models, state structure, equality types, ethical issues, religion, foreign policy, military, or justice frameworks.","[0, 0, 1, 0, 0, 0, 1, 0, 0, 3, 0, 1]","[0, 0, 1, 1, 0, 0, 0, 0, 0, 0, 0, 0]"
92,"The text criticizes President Biden's handling of the border crisis by highlighting a perceived contradiction: deploying FEMA (Federal Emergency Management Agency) without formally declaring an emergency. This critique implicitly emphasizes adherence to procedural norms (declaring an emergency as a prerequisite for FEMA's involvement), aligning with **I11 (Justice Orientation)** under *Procedural Justice* (Right). Other dimensions (e.g., Political Regime, Economic Orientation) are unrelated, as the focus is on procedural consistency rather than economic systems, cultural values, or other ideological aspects.","[0, 0, 0, 0, 0, 0, 0, 0, 0, 0, 3, 0]","[0, 0, 0, 0, 0, 0, 0, 2, 0, 0, 0, 0]"
93,"The text discusses TSMC's stance on silicon shortages, which relates to economic orientation (I3). TSMC, being a major semiconductor company, operates within a market economy context where decisions are influenced by corporate strategies and market interactions rather than government control, aligning with the right (Market Economy). Other dimensions like political regime, state structure, or ethical pursuits are unrelated as the text focuses on supply chain and corporate confidence without addressing those areas.","[0, 0, 3, 0, 0, 0, 0, 0, 0, 0, 0, 0]","[0, 0, 0, 0, 0, 0, 0, 0, 0, 0, 0, 0]"
94,"The text emphasizes foreign investment in China's economy, highlighting market potential and industrial networks. This relates to I3 (Economic Orientation) as it supports a market-driven economy (Right). It also touches on I8 (Diplomatic Strategy) by promoting international economic engagement (Globalism, Left). Other dimensions are unrelated as the text focuses on economic aspects without addressing political regimes, ethics, military, etc.","[0, 0, 3, 0, 0, 0, 0, 1, 0, 0, 0, 0]","[0, 0, 0, 0, 0, 0, 0, 1, 0, 0, 0, 0]"
95,"The text discusses a feminism manifesto and references #SCOTUS considering removing a constitutional right from women (likely abortion rights), highlighting advocacy for women's rights and ethical liberalism (I5: Left). It emphasizes individual rights (I7: Right, I12: Right) and implies support for result justice by opposing the removal of constitutional rights (I11: Left). Other dimensions (I1-I4, I6, I8-I10) are unrelated as the text does not address political regimes, economic structures, church-state relations, diplomacy, military, or social development approaches.","[0, 0, 0, 0, 1, 0, 3, 0, 0, 0, 1, 3]","[0, 0, 0, 0, 1, 0, 0, 0, 0, 0, 0, 3]"
96,"The text criticizes the GOP (Republican Party) for prioritizing profit over public health, implying support for socialism (I1:1) and a command economy (I3:1). It emphasizes outcome equality (I4:1) by condemning unequal treatment in healthcare. The call to 'destroy them' reflects collectivism (I7:1) and revolutionism (I10:1). The focus on result justice (I11:1) highlights fair distribution of healthcare, and the emphasis on social responsibility (I12:1) over individual rights aligns with the Left. Other dimensions (I2, I5, I6, I8, I9) are unrelated.","[1, 0, 1, 1, 0, 0, 1, 0, 0, 1, 1, 1]","[0, 0, 0, 0, 3, 0, 0, 0, 0, 1, 0, 0]"
97,"The text discusses the contradiction between opposing abortion rights (Ethical Conservatism, Right) and opposing mask mandates (Ethical Liberalism, Left). The primary related dimension is I5 (Ethical Pursuit), where supporting laws to deny a woman's right to choose aligns with Ethical Conservatism (Right). The mention of mask mandates relates to personal freedom but falls under Ethical Liberalism. However, the text's critique implies support for Ethical Liberalism (pro-choice), hence I5 is labeled Left (1). Other dimensions (e.g., I12) touch on individual rights vs. social responsibility but are not explicitly addressed, leaving them unrelated.","[0, 0, 0, 0, 1, 0, 0, 0, 0, 0, 0, 0]","[0, 0, 0, 0, 0, 0, 0, 0, 0, 0, 1, 3]"
98,"The text discusses wealth inequality and access to affordable Insulin (I1: Left, I3: Left, I4: Left), a woman's right to make decisions (I5: Left), and contrasts conservative inaction on mass shootings (I12: Left, implying criticism of prioritizing individual rights over social responsibility). Other dimensions (I2, I6, I7, I8, I9, I10, I11) are unrelated as the text does not address state structure, church-state relations, collectivism/individualism broadly, foreign policy, military strategy, social development methods, or justice types explicitly.","[1, 0, 1, 1, 1, 0, 0, 0, 0, 0, 0, 1]","[0, 0, 0, 0, 1, 0, 0, 0, 0, 0, 0, 3]"
99,"The text discusses abortion rights and bodily autonomy, which relates to Ethical Pursuit (I5). The opposition to restricting abortion aligns with Ethical Liberalism (Left). The emphasis on individual rights over collective norms relates to Cultural Value (I7) as Individualism (Right). The focus on protecting bodily autonomy and rights connects to Personal Right (I12) favoring Individual Right (Right). Other dimensions such as Political Regime, State Structure, etc., are unrelated as they are not addressed.","[0, 0, 0, 0, 1, 0, 3, 0, 0, 0, 0, 3]","[0, 0, 0, 0, 1, 0, 3, 0, 0, 0, 1, 3]"
100,"The text discusses the impact of the Russian invasion on Kharkiv, highlighting civilian casualties and destruction. It calls for an end to the war with hashtags like #StopTheWar. The relevant dimension is I8 (Diplomatic Strategy), where the emphasis on international attention and advocacy aligns with Globalism (Left). Other dimensions (e.g., Political Regime, State Structure) are unrelated as the text focuses on war consequences rather than ideological economic, cultural, or governance structures.","[0, 0, 0, 0, 0, 0, 0, 1, 0, 0, 0, 0]","[0, 0, 0, 0, 0, 0, 0, 0, 3, 0, 0, 0]"
101,"The text criticizes Mayorkas and Biden's immigration policies, emphasizing border security and enforcement. This relates to I8 (Diplomatic Strategy) as the call to end 'Catch and Release' reflects an isolationist stance, opposing international entanglements (Right). I7 (Cultural Value) is linked due to the emphasis on national collectivism over individual migrant rights (Left). I12 (Personal Right) is relevant as the text prioritizes social responsibility (enforcing borders) over individual rights of migrants (Left). Other dimensions (I1-I6, I9-I11) are unrelated as the text focuses on immigration enforcement rather than economic systems, ethics, church-state relations, etc.","[0, 0, 0, 0, 0, 0, 1, 3, 0, 0, 0, 1]","[0, 0, 0, 0, 0, 0, 0, 3, 0, 0, 0, 0]"
102,"The text discusses providing aid to colleagues in Ukraine during the war, which relates to collectivism (I7:1) as it emphasizes collective social support. The mention of international aid implicitly aligns with globalism (I8:1), advocating international cooperation. Helping others during a crisis reflects a focus on social responsibility over individual rights (I12:1). Other dimensions (I1-I6, I9-I11) are unrelated as the text does not address political regimes, economic systems, ethical issues, church-state relations, military strategy, justice frameworks, or revolutionary/reformist approaches explicitly.","[0, 0, 0, 0, 0, 0, 1, 1, 0, 0, 0, 1]","[0, 0, 0, 0, 0, 0, 0, 1, 3, 0, 0, 0]"
103,"The text supports civil society organizations (CSOs) in addressing hate speech and promoting human rights through awareness-raising. This relates to:
- **I5 (Ethical Liberalism)**: Advocacy for human rights aligns with progressive ethical values (Left).
- **I8 (Globalism)**: Building a network against hate speech implies international cooperation (Left).
- **I10 (Reformism)**: Emphasis on gradual awareness-raising aligns with reformist approaches (Right).
- **I11 (Result Justice)**: Focus on reducing detrimental effects of hate to achieve fair outcomes (Left).
- **I12 (Social Responsibility)**: Prioritizing collective action to fulfill societal responsibilities (Left).
Other dimensions (I1-I4, I6-I7, I9) are unrelated as the text does not discuss political/economic systems, cultural collectivism/individualism, religion, or military matters.","[0, 0, 0, 0, 1, 0, 0, 1, 0, 3, 1, 1]","[0, 0, 0, 0, 0, 0, 0, 0, 0, 0, 1, 3]"
104,"The text criticizes the portrayal of Ukrainian Azov forces in American media, implying support for militarism against Russia. This relates to I8 (Diplomatic Strategy) as it opposes international political entanglements (Isolationism, Right). It also touches on I9 (Military Force) by opposing the use of militarism (Pacifism, Right). Other dimensions are unrelated as the text focuses on war portrayal and international relations.","[0, 0, 0, 0, 0, 0, 0, 3, 3, 0, 0, 0]","[0, 0, 0, 0, 0, 0, 0, 0, 3, 0, 0, 0]"
105,"The text discusses Kentucky Republicans attempting to limit the Democratic governor's executive powers through legislative means. This relates to **I10 (Social Development)**. The Republicans' use of legislative action to gradually curtail the governor's authority aligns with *Reformism* (Right), as they seek incremental changes through established political processes. Other dimensions (e.g., Political Regime, Economic Orientation) are unrelated as the text focuses on intra-governmental power dynamics rather than economic systems, ethical values, or other ideological dimensions.","[0, 0, 0, 0, 0, 0, 0, 0, 0, 3, 0, 0]","[0, 2, 0, 0, 0, 0, 0, 0, 0, 0, 0, 0]"
106,"The text discusses Val Demings' support for reproductive freedom and labels her as a pro-choice champion, which relates to I5 (Ethical Pursuit) under Ethical Liberalism (Left). It also emphasizes individual rights (reproductive freedom), aligning with I12 (Personal Right) under Individual Right (Right). Other dimensions are unrelated as the text focuses on social issues rather than economic, political regime, or other structural aspects.","[0, 0, 0, 0, 1, 0, 0, 0, 0, 0, 0, 3]","[0, 0, 0, 0, 1, 0, 0, 0, 0, 0, 0, 0]"
107,"The text critiques a perceived hypocrisy in certain women's groups advocating for equality while allegedly defending Amber Heard and suppressing evidence, implying a stance against Ethical Liberalism (I5: Right). The emphasis on criticizing collective behavior (women's groups) aligns with Individualism (I7: Right). The mention of blocking evidence suggests a focus on Procedural Justice over Result Justice (I11: Right). The critique of unequal rights in abuse contexts leans toward Individual Right (I12: Right). Other dimensions (I1-I4, I6, I8-I10) are unrelated as the text focuses on gender dynamics, ethical standards, and justice processes rather than economic systems, state structure, or other unrelated topics.","[0, 0, 0, 0, 3, 0, 3, 0, 0, 0, 3, 3]","[0, 0, 0, 0, 0, 0, 0, 0, 0, 0, 3, 0]"
108,"The text discusses the potential impact of a political figure's foreign policy decisions, particularly regarding NATO and international alliances. This primarily relates to I8 (Diplomatic Strategy) where the mention of pulling out of NATO suggests a shift towards Isolationism (Right). The text implies criticism of such a move, indirectly supporting Globalism. Other dimensions like I9 (Military Force) might be tangentially related but are not explicitly addressed. The remaining dimensions (I1-I7, I10-I12) are unrelated as the text focuses on international relations and military strategy without touching on economic systems, cultural values, or social policies.","[0, 0, 0, 0, 0, 0, 0, 3, 0, 0, 0, 0]","[0, 0, 0, 0, 0, 0, 0, 1, 3, 0, 0, 0]"
109,"The text discusses the potential removal of the filibuster to pass a national abortion ban and urges protecting abortion rights. This directly relates to **I5 (Ethical Pursuit)** as it opposes abortion restrictions (left/ethical liberalism). It also touches on **I11 (Justice Orientation)**, emphasizing the urgency of ensuring fair outcomes (result justice, left) by acting before procedural changes. Additionally, the focus on safeguarding abortion rights aligns with **I12 (Personal Right)** in prioritizing individual rights over responsibilities (right/individual right). Other dimensions (I1-I4, I6-I10) are unrelated as they do not address economic systems, state structure, cultural collectivism, diplomacy, military, etc.","[0, 0, 0, 0, 1, 0, 0, 0, 0, 0, 1, 3]","[0, 0, 0, 0, 1, 0, 0, 0, 0, 0, 0, 0]"
110,"The text criticizes immigration policies, focusing on opposition to amnesty and lenient border measures. It relates to I7 (Cultural Value) by emphasizing collectivist concerns over national security and societal impact, aligning with Collectivism (Left). It also touches on I12 (Personal Right) by prioritizing social responsibility over individual migrant rights, supporting Social Responsibility (Left). Other dimensions are unrelated as the text does not address economic systems, state structure, or other listed aspects.","[0, 0, 0, 0, 0, 0, 1, 0, 0, 0, 0, 1]","[0, 0, 0, 0, 0, 0, 0, 3, 0, 0, 0, 0]"
